"userID","username","password"
1,cNieves,"935bc67f194f917accd27ed14d1c18af"
2,aMckinney,deadf352045a5c8cffade21d2fc8a265
3,dHarrington,"82e0ae39a5648cd8ad40f9d88d7d3f35"
4,sMiddleton,"61fcf9aab23147b397df6dc467631a29"
5,lJuarez,"386e8d40dcf51fba18375e15cf6b4083"
6,AlbCam78,"3e57920502c4b3888cc16776f7a69525"
7,JamJoy89,"1cfc41c028293e7274ab368558575a39"
8,EmiBro41,"19353d042b18c9a410588671d092b4bb"
9,GeoOrw11,f3bf709d6fe1b2b614deb17eb4e7f749
10,VlaNab67,b5efb7c4ffa431937f96d0cba11d7665
11,DanAli44,"36821247bc741cf07c399a681de46f85"
12,ChaDic10,b7cbd193859f413d86359dbebe05eea9
13,ErnHem91,"3aced702c6755a65631c1e346e1b295d"
14,EFor72,e904a9bac2e2315b6e05e5a06fd81c49
15,Antde18,"5751fd38bdb583ac8fb026025f808adc"
16,BorPas26,"5b06fafa842a4a2a5079cd6407708ddd"
17,ArtCon37,"887e2a1473435a436ea407e4db58834c"
18,EdiWha23,"082bd613e69fc39026dca9508b07c91d"
19,DLaw53,c5a867de64cce1b2e7155bca47825560
20,BraSto01,b8d7ff375f2965e9f426b20e84ad9a42
21,EdgAll80,"089a51e4ba364d9d31a5237ec240f1fd"
22,DanDef79,"9f51a02183f6bac10cc9698c841913f0"
23,CorMcC29,"033a5862593a30ba4c1f7058e763615c"
24,EmiDic48,c29b45a5dc8241c006da8d6e698bd8ea
25,ChaDar12,bac3d9bfc94cbed29cc9685d0756d5d5
26,AleDum96,c7e6cf66dbee00b6d63e1479d7038c82
27,AynRan83,"843bf7d75f26dee93390f19d97a5882a"
28,AgaChr95,b21c39a7c847f124681bd831e0694c10
29,DinBuz34,"5572fbceb2107621794337fc09f12de0"
30,DanBro12,"5862a53570d35dd7b3c7ba6d53eadc72"
31,AntPow25,"5d9a05b49d62988ab90cf96d43a2b9c4"
32,AlaMoo52,"4aeda7278ed98e5e6dcaaaf567984a31"
33,AlePus74,"79dc02a21abe15214c809147261971ab"
34,ChrSte62,"7ed2bbb7b443c5aa1796fc2f2c97c375"
35,AngCar44,dafd6fd5d7e96918de5a140808fb4fc8
36,Ã‰miZol94,"1ec8b49e05a68c180af1e535f0c6a459"
37,MartinDoychev,"87d008f75d490491982a193092087e0c"
38,ChristinaAblanska,c5a656eba50703e9b495089abe5f820c
39,HristinaAblanska,"9641c24f938424f5e161434dd60a4194"
40,GeorgyYanakiev,"659892171682f003261231976fa51108"
